Datetime,Water Level (m)
2025-03-31 00:00:00,-1.5647383
2025-03-31 01:00:00,-1.1979914
2025-03-31 02:00:00,-0.61554796
2025-03-31 03:00:00,0.039535843
2025-03-31 04:00:00,0.74409014
2025-03-31 05:00:00,1.1729432
2025-03-31 06:00:00,1.3015864
2025-03-31 07:00:00,1.0140162
2025-03-31 08:00:00,0.43392155
2025-03-31 09:00:00,-0.14643745
2025-03-31 10:00:00,-0.6881567
2025-03-31 11:00:00,-1.2119588
2025-03-31 12:00:00,-1.4645579
2025-03-31 13:00:00,-1.2984012
2025-03-31 14:00:00,-0.6418589
2025-03-31 15:00:00,-0.049468376
2025-03-31 16:00:00,0.60896033
2025-03-31 17:00:00,1.0279714
2025-03-31 18:00:00,1.1276902
2025-03-31 19:00:00,0.8688288
2025-03-31 20:00:00,0.33172673
2025-03-31 21:00:00,-0.21018875
2025-03-31 22:00:00,-0.7243515
2025-03-31 23:00:00,-1.2088944
2025-04-01 00:00:00,-1.5244671
2025-04-01 01:00:00,-1.5454011
2025-04-01 02:00:00,-0.93269414
2025-04-01 03:00:00,-0.34454906
2025-04-01 04:00:00,0.31528467
2025-04-01 05:00:00,0.9348378
2025-04-01 06:00:00,1.2213215
2025-04-01 07:00:00,1.1610192
2025-04-01 08:00:00,0.735867
2025-04-01 09:00:00,0.18221171
2025-04-01 10:00:00,-0.35305867
2025-04-01 11:00:00,-0.8125529
2025-04-01 12:00:00,-1.1731838
2025-04-01 13:00:00,-1.3273435
2025-04-01 14:00:00,-0.98113704
2025-04-01 15:00:00,-0.43285477
2025-04-01 16:00:00,0.118151836
2025-04-01 17:00:00,0.67476517
2025-04-01 18:00:00,0.9593509
2025-04-01 19:00:00,0.93676615
2025-04-01 20:00:00,0.5648797
2025-04-01 21:00:00,0.0558637
2025-04-01 22:00:00,-0.45256338
2025-04-01 23:00:00,-0.92406744
2025-04-02 00:00:00,-1.278598
2025-04-02 01:00:00,-1.4784954
2025-04-02 02:00:00,-1.272415
2025-04-02 03:00:00,-0.7031411
2025-04-02 04:00:00,-0.13750349
2025-04-02 05:00:00,0.4846793
2025-04-02 06:00:00,0.92086023
2025-04-02 07:00:00,1.0823585
2025-04-02 08:00:00,0.9266483
2025-04-02 09:00:00,0.48110738
2025-04-02 10:00:00,-0.007494169
2025-04-02 11:00:00,-0.47229028
2025-04-02 12:00:00,-0.8542645
2025-04-02 13:00:00,-1.1232138
2025-04-02 14:00:00,-1.1301081
2025-04-02 15:00:00,-0.7123543
2025-04-02 16:00:00,-0.26164773
2025-04-02 17:00:00,0.19038719
2025-04-02 18:00:00,0.584587
2025-04-02 19:00:00,0.73241526
2025-04-02 20:00:00,0.6054618
2025-04-02 21:00:00,0.22077519
2025-04-02 22:00:00,-0.20484968
2025-04-02 23:00:00,-0.6362298
2025-04-03 00:00:00,-0.9903092
2025-04-03 01:00:00,-1.3313584
2025-04-03 02:00:00,-1.2983124
2025-04-03 03:00:00,-0.94634706
2025-04-03 04:00:00,-0.48999897
2025-04-03 05:00:00,0.0071137096
2025-04-03 06:00:00,0.51508474
2025-04-03 07:00:00,0.79556686
2025-04-03 08:00:00,0.8519924
2025-04-03 09:00:00,0.6610803
2025-04-03 10:00:00,0.2783141
2025-04-03 11:00:00,-0.12612107
2025-04-03 12:00:00,-0.5034976
2025-04-03 13:00:00,-0.7864146
2025-04-03 14:00:00,-0.9304647
2025-04-03 15:00:00,-0.8510125
2025-04-03 16:00:00,-0.51003385
2025-04-03 17:00:00,-0.16472825
2025-04-03 18:00:00,0.22097415
2025-04-03 19:00:00,0.44408682
2025-04-03 20:00:00,0.47771567
2025-04-03 21:00:00,0.3142232
2025-04-03 22:00:00,-0.0005799779
2025-04-03 23:00:00,-0.33364108
2025-04-04 00:00:00,-0.66145515
2025-04-04 01:00:00,-0.90357876
2025-04-04 02:00:00,-1.0292541
2025-04-04 03:00:00,-0.9331114
2025-04-04 04:00:00,-0.65433747
2025-04-04 05:00:00,-0.30526936
2025-04-04 06:00:00,0.056164406
2025-04-04 07:00:00,0.4198052
2025-04-04 08:00:00,0.61451364
2025-04-04 09:00:00,0.6342569
2025-04-04 10:00:00,0.47632498
2025-04-04 11:00:00,0.18601596
2025-04-04 12:00:00,-0.13375168
2025-04-04 13:00:00,-0.42858183
2025-04-04 14:00:00,-0.65284365
2025-04-04 15:00:00,-0.73717517
2025-04-04 16:00:00,-0.6616523
2025-04-04 17:00:00,-0.44045952
2025-04-04 18:00:00,-0.2035583
2025-04-04 19:00:00,0.03480508
2025-04-04 20:00:00,0.17754327
2025-04-04 21:00:00,0.21647362
2025-04-04 22:00:00,0.14481325
2025-04-04 23:00:00,-0.015644701
2025-04-05 00:00:00,-0.24340491
2025-04-05 01:00:00,-0.4856149
2025-04-05 02:00:00,-0.70184636
2025-04-05 03:00:00,-0.8032949
2025-04-05 04:00:00,-0.751352
2025-04-05 05:00:00,-0.5466199
2025-04-05 06:00:00,-0.2651297
2025-04-05 07:00:00,0.03166853
2025-04-05 08:00:00,0.2820627
2025-04-05 09:00:00,0.42719665
2025-04-05 10:00:00,0.44766617
2025-04-05 11:00:00,0.37103185
2025-04-05 12:00:00,0.22210109
2025-04-05 13:00:00,0.009899024
2025-04-05 14:00:00,-0.20504989
2025-04-05 15:00:00,-0.39701554
2025-04-05 16:00:00,-0.51406443
2025-04-05 17:00:00,-0.52362216
2025-04-05 18:00:00,-0.42484125
2025-04-05 19:00:00,-0.25682643
2025-04-05 20:00:00,-0.05793258
2025-04-05 21:00:00,0.061680716
2025-04-05 22:00:00,0.08656983
2025-04-05 23:00:00,0.06566671
2025-04-06 00:00:00,-0.009025749
